hair,des cheveux [sound:des_cheveux.mp3]
head,une tête [sound:une_tete.mp3]
forehead,un front [sound:un_front.mp3]
face,un visage [sound:un_visage.mp3]
eyelash,un cil [sound:un_cil.mp3]
eyebrow,un sourcil [sound:un_sourcil.mp3]
eye,un œil [sound:un_il.mp3]
eyes,des yeux [sound:des_yeux.mp3]
ear,une oreille [sound:une_oreille.mp3]
nose,un nez [sound:un_nez.mp3]
mouth,une bouche [sound:une_bouche.mp3]
lip,une lèvre [sound:une_levre.mp3]
teeth,des dents [sound:des_dents.mp3]
tongue,une langue [sound:une_langue.mp3]
neck,un cou [sound:un_cou.mp3]
shoulder,une épaule [sound:une_epaule.mp3]
arm,un bras [sound:un_bras.mp3]
hand,une main [sound:une_main.mp3]
finger,un doigt [sound:un_doigt.mp3]
chest,une poitrine [sound:une_poitrine.mp3]
stomach,un estomac [sound:un_estomac.mp3]
back,un dos [sound:un_dos.mp3]
leg,une jambe [sound:une_jambe.mp3]
foot,un pied [sound:un_pied.mp3]
toe,un orteil [sound:un_orteil.mp3]
