fork,une fourchette [sound:une_fourchette.mp3]
spoon,une cuillère [sound:une_cuillere.mp3]
knife,un couteau [sound:un_couteau.mp3]
chopsticks,des baguettes [sound:des_baguettes.mp3]
plate,une assiette [sound:une_assiette.mp3]
cutting board,une planche à découper [sound:une_planche_a_decouper.mp3]
cup,une tasse [sound:une_tasse.mp3]
glass cup,un verre [sound:un_verre.mp3]
pan,une poêle [sound:une_poele.mp3]
pot,une casserole [sound:une_casserole.mp3]
microwave,un micro-ondes [sound:un_micro_ondes.mp3]
I cook A,Je cuisine A [sound:je_cuisine_a.mp3]
I make A,Je fais A [sound:je_fais_a.mp3]
I prepare A,Je prépare A [sound:je_prepare_a.mp3]
I eat A,Je mange A [sound:je_mange_a.mp3]
I drink A,Je bois A [sound:je_bois_a.mp3]
I taste A,Je goûte A [sound:je_goute_a.mp3]
I enjoy eating,Je me régale [sound:je_me_regale.mp3]
I chew well,Je mâche bien [sound:je_mache_bien.mp3]
I cut A,Je coupe A [sound:je_coupe_a.mp3]
I boil water,Je fais bouillir de l'eau [sound:je_fais_bouillir_de_l_eau.mp3]
I grill A,Je fais griller A [sound:je_fais_griller_a.mp3]
I put some salt,Je mets un peu de sel [sound:je_mets_un_peu_de_sel.mp3]
