restroom,des toilettes [sound:des_toilettes.mp3]
toilet paper,un papier toilette [sound:un_papier_toilette.mp3]
bath room,une salle de bain [sound:une_salle_de_bain.mp3]
soap,un savon [sound:un_savon.mp3]
shampoo,un shampooing [sound:un_shampooing.mp3]
conditioner,un après-shampooing [sound:un_apres_shampooing.mp3]
towel,une serviette [sound:une_serviette.mp3]
hairstyle,une coiffure [sound:une_coiffure.mp3]
hair dryer,un sèche-cheveux [sound:un_seche_cheveux.mp3]
earring,une boucle d'oreille [sound:une_boucle_d_oreille.mp3]
