afternoon,après-midi [sound:apres_midi.mp3]
every morning,tous les matins / chaque matin [sound:tous_les_matins_chaque_matin.mp3]
every evening,tous les soirs / chaque soir [sound:tous_les_soirs_chaque_soir.mp3]
everyday,tous les jours / chaque jour [sound:tous_les_jours_chaque_jour.mp3]
these days,ces derniers temps [sound:ces_derniers_temps.mp3]
this week,cette semaine
next week,la semaine prochaine
last week,la semaine dernière
next year,l'année prochaine
last year,l'année dernière
this year,cette année
date,une date
appointment,un rendez-vous
calendar,un calendrier [sound:un_calendrier.mp3]
schedule,un emploi du temps [sound:un_emploi_du_temps.mp3]
Let's meet at A,On se retrouve à A [sound:on_se_retrouve_a_a.mp3]
