store,une boutique / un magasin [sound:une_boutique_un_magasin.mp3]
supermarket,un supermarché [sound:un_supermarche.mp3]
cashier,un caissier [sound:un_caissier.mp3]
money,un argent [sound:un_argent.mp3]
cash (coins/notes),un liquide [sound:un_liquide.mp3]
credit card,une carte de crédit [sound:une_carte_de_credit.mp3]
wallet,un portefeuille [sound:un_portefeuille.mp3]
plastic bag,un sac en plastique [sound:un_sac_en_plastique.mp3]
exhibition,une exposition [sound:une_exposition.mp3]
I buy A,J'achète A [sound:j_achete_a.mp3]
I bought A,J'ai acheté A [sound:j_ai_achete_a.mp3]
I choose A,Je choisis A [sound:je_choisis_a.mp3]
I chose A,J'ai choisi A [sound:j_ai_choisi_a.mp3]
They sell A,Ils vendent A [sound:ils_vendent_a.mp3]
Cash or credit?,En espèces ou par carte [sound:en_especes_ou_par_carte.mp3]
