bed,un lit [sound:un_lit.mp3]
pillow,un oreiller [sound:un_oreiller.mp3]
matress,un matelas [sound:un_matelas.mp3]
bed frame,un cadre de lit [sound:un_cadre_de_lit.mp3]
comforter,une couette [sound:une_couette.mp3]
dream,un rêve [sound:un_reve.mp3]
nightmare,un cauchemar [sound:un_cauchemar.mp3]
bedroom,une chambre [sound:une_chambre.mp3]
I go to bed,Je vais au lit [sound:je_vais_au_lit.mp3]
I make the bed,Je fais le lit [sound:je_fais_le_lit.mp3]
I sleep,Je dors [sound:je_dors.mp3]
I wake up,Je me réveille [sound:je_me_reveille.mp3]
I get up,Je me lève [sound:je_me_leve.mp3]
I got up,Je me suis levé [sound:je_me_suis_leve.mp3]
I take a nap,Je fais une sieste [sound:je_fais_une_sieste.mp3]
I fell asleep,Je me suis endormi [sound:je_me_suis_endormi.mp3]
I couldn't fall asleep,Je n'ai pas pu m'endormir [sound:je_n_ai_pas_pu_m_endormir.mp3]
I overslept,J'ai trop dormi [sound:j_ai_trop_dormi.mp3]
