I didn't have time <b>back then</b>,Je n'avais pas le temps <b>à l'époque</b> [sound:je_n_avais_pas_le_temps_a_l_epoque.mp3]
I'll try to study French everyday <b>from now on</b>,Je vais essayer d'étudier le français tous les jours <b>à partir de maintenant</b> [sound:je_vais_essayer_d_etudier_le_francais_tous_les_jours_b_a_partir_de_maintenant_b.mp3]
It <b>depends on</b> A,Ça <b>dépend de</b> A [sound:ca_depend_de_a.mp3]
Let's do it <b>little by little</b>,Faisons-le <b>petit à petit</b> [sound:faisons_le_b_petit_a_petit_b.mp3]
<b>So far</b> so good,<b>Jusqu'à présent</b> tout va bien [sound:b_jusqu_a_present_b_tout_va_bien.mp3]
I <b>don't</b> have A <b>anymore</b>,Je <b>n'ai plus A</b> [sound:je_b_n_ai_plus_a_b.mp3]
It makes me A,Ça me rend A [sound:ca_me_rend_a.mp3]
It <b>doesn't matter</b> if she cares,Peu importe si elle s'en soucie [sound:peu_importe_si_elle_s_en_soucie.mp3]
It's <b>a same thing</b> as A,C'est <b>la même chose</b> que A [sound:c_est_b_la_meme_chose_b_que_a.mp3]
It's <b>same</b> as A,C'est <b>pareil</b> que A [sound:c_est_b_pareil_b_que_a.mp3]
I <b>succeeded to</b> wake up early,J'ai <b>réussi à</b> me réveiller tôt [sound:j_ai_b_reussi_a_b_me_reveiller_tot.mp3]
