office,un bureau [sound:un_bureau.mp3]
meeting,une réunion [sound:une_reunion.mp3]
email,un courriel [sound:un_courriel.mp3]
phone number,un numéro de téléphone [sound:un_numero_de_telephone.mp3]
laptop PC,un ordinateur portable [sound:un_ordinateur_portable.mp3]
screen,un écran [sound:un_ecran.mp3]
keyboard,un clavier [sound:un_clavier.mp3]
mouse,une souris [sound:une_souris.mp3]
cafeteria,une cafétéria [sound:une_cafeteria.mp3]
coffee machine,une machine à café [sound:une_machine_a_cafe.mp3]
water server,un distributeur d'eau [sound:un_distributeur_d_eau.mp3]
security card,une carte de sécurité [sound:une_carte_de_securite.mp3]
controversy,une polémique [sound:une_polemique.mp3]
I work,Je travaille [sound:je_travaille.mp3]
I'm on my way to work,Je suis en route pour le travail [sound:je_suis_en_route_pour_le_travail.mp3]
I avoided A,J'ai évité A [sound:j_ai_evite_a.mp3]
I suggest A,Je propose A [sound:je_propose_a.mp3]
I advise A,Je conseille A [sound:je_conseille_a.mp3]
Can you share the link with me in advance?,Tu peux me partager le lien à l'avance [sound:tu_peux_me_partager_le_lien_a_l_avance.mp3]
